"checking_account";"duration_months";"credit_history";"purpose";"credit_amount";"savings";"present_employment_since";"installment_rate";"personal_status_sex";"other_deptors";"present_residence";"property";"age_years";"other_installment_plans";"housing";"existing_credits";"job";"people_liable_maintenance";"telephone";"foreign_worker";"response";"gender"
"0 <= ... <  102 euro";48;"existing credits paid back duly till now";"radio/television";5951;"... <  51 euro";"1  <= ... < 4 years";2;"female : divorced/separated/married";"none";2;"real estate";22;"none";"own";1;"skilled employee / official";1;"none";"yes";1;"female"
"0 <= ... <  102 euro";12;"existing credits paid back duly till now";"car (new)";1295;"... <  51 euro";"... < 1 year";3;"female : divorced/separated/married";"none";1;"(if not optin 1 or 2) car or other, not in attribute";25;"none";"rent";1;"skilled employee / official";1;"none";"yes";1;"female"
"... <  0 euro";48;"existing credits paid back duly till now";"business";4308;"... <  51 euro";"... < 1 year";3;"female : divorced/separated/married";"none";4;"(if not real estate) building society savings agreement/ life insurance";24;"none";"rent";1;"skilled employee / official";1;"none";"yes";1;"female"
"0 <= ... <  102 euro";12;"existing credits paid back duly till now";"radio/television";1567;"... <  51 euro";"1  <= ... < 4 years";1;"female : divorced/separated/married";"none";1;"(if not optin 1 or 2) car or other, not in attribute";22;"none";"own";1;"skilled employee / official";1;"yes, registered under the customers name";"yes";0;"female"
"... <  0 euro";15;"existing credits paid back duly till now";"car (new)";1403;"... <  51 euro";"1  <= ... < 4 years";2;"female : divorced/separated/married";"none";4;"(if not optin 1 or 2) car or other, not in attribute";28;"none";"rent";1;"skilled employee / official";1;"none";"yes";0;"female"
"... <  0 euro";24;"existing credits paid back duly till now";"radio/television";1282;"51 <= ... <  255 euro";"1  <= ... < 4 years";4;"female : divorced/separated/married";"none";2;"(if not optin 1 or 2) car or other, not in attribute";32;"none";"own";1;"unskilled - resident";1;"none";"yes";1;"female"
"0 <= ... <  102 euro";24;"existing credits paid back duly till now";"car (used)";12579;"... <  51 euro";".. >= 7 years";4;"female : divorced/separated/married";"none";2;"unknown / no property";44;"none";"for free";1;"management/ self-employed/highly qualified employee/ officer";1;"yes, registered under the customers name";"yes";1;"female"
">= 102 euro";12;"all credits at this bank paid back duly";"radio/television";409;".. >= 511 euro";"1  <= ... < 4 years";3;"female : divorced/separated/married";"none";3;"real estate";42;"none";"rent";2;"skilled employee / official";1;"none";"yes";0;"female"
">= 102 euro";12;"existing credits paid back duly till now";"furniture/equipment";1474;"... <  51 euro";"... < 1 year";4;"female : divorced/separated/married";"none";1;"(if not real estate) building society savings agreement/ life insurance";33;"bank";"own";1;"management/ self-employed/highly qualified employee/ officer";1;"yes, registered under the customers name";"yes";0;"female"
"... <  0 euro";48;"critical account/other credits existing (not at this bank)";"car (used)";6143;"... <  51 euro";".. >= 7 years";4;"female : divorced/separated/married";"none";4;"unknown / no property";58;"stores";"for free";2;"unskilled - resident";1;"none";"yes";1;"female"
"No checking account";11;"critical account/other credits existing (not at this bank)";"car (new)";1393;"... <  51 euro";"... < 1 year";4;"female : divorced/separated/married";"none";4;"(if not optin 1 or 2) car or other, not in attribute";35;"none";"own";2;"management/ self-employed/highly qualified employee/ officer";1;"none";"yes";0;"female"
"... <  0 euro";6;"existing credits paid back duly till now";"car (used)";1352;"255 euro <= ... < 511 euro";"unemployed";1;"female : divorced/separated/married";"none";2;"(if not real estate) building society savings agreement/ life insurance";23;"none";"rent";1;"unemployed/ unskilled  - non-resident";1;"yes, registered under the customers name";"yes";0;"female"
"No checking account";12;"existing credits paid back duly till now";"radio/television";2073;"51 <= ... <  255 euro";"1  <= ... < 4 years";4;"female : divorced/separated/married";"co-applicant";2;"real estate";28;"none";"own";1;"skilled employee / official";1;"none";"yes";0;"female"
"No checking account";36;"critical account/other credits existing (not at this bank)";"radio/television";9566;"... <  51 euro";"1  <= ... < 4 years";2;"female : divorced/separated/married";"none";2;"(if not optin 1 or 2) car or other, not in attribute";31;"stores";"own";2;"skilled employee / official";1;"none";"yes";0;"female"
">= 102 euro";18;"existing credits paid back duly till now";"car (new)";1961;"... <  51 euro";".. >= 7 years";3;"female : divorced/separated/married";"none";2;"(if not optin 1 or 2) car or other, not in attribute";23;"none";"own";1;"management/ self-employed/highly qualified employee/ officer";1;"none";"yes";0;"female"
"... <  0 euro";36;"critical account/other credits existing (not at this bank)";"furniture/equipment";6229;"... <  51 euro";"... < 1 year";4;"female : divorced/separated/married";"co-applicant";4;"unknown / no property";23;"none";"rent";2;"unskilled - resident";1;"yes, registered under the customers name";"yes";1;"female"
"No checking account";24;"existing credits paid back duly till now";"radio/television";3181;"... <  51 euro";"... < 1 year";4;"female : divorced/separated/married";"none";4;"(if not real estate) building society savings agreement/ life insurance";26;"none";"own";1;"skilled employee / official";1;"yes, registered under the customers name";"yes";0;"female"
"No checking account";12;"existing credits paid back duly till now";"radio/television";2171;"... <  51 euro";"... < 1 year";2;"female : divorced/separated/married";"none";2;"(if not optin 1 or 2) car or other, not in attribute";29;"bank";"own";1;"skilled employee / official";1;"none";"yes";0;"female"
"No checking account";36;"existing credits paid back duly till now";"radio/television";2394;"unknown/ no savings account";"1  <= ... < 4 years";4;"female : divorced/separated/married";"none";4;"(if not optin 1 or 2) car or other, not in attribute";25;"none";"own";1;"skilled employee / official";1;"none";"yes";0;"female"
"No checking account";36;"existing credits paid back duly till now";"car (used)";8133;"... <  51 euro";"1  <= ... < 4 years";1;"female : divorced/separated/married";"none";2;"(if not real estate) building society savings agreement/ life insurance";30;"bank";"own";1;"skilled employee / official";1;"none";"yes";0;"female"
"0 <= ... <  102 euro";42;"critical account/other credits existing (not at this bank)";"business";5954;"... <  51 euro";"4  <= ... < 7 years";2;"female : divorced/separated/married";"none";1;"real estate";41;"bank";"own";2;"unskilled - resident";1;"none";"yes";0;"female"
"No checking account";24;"existing credits paid back duly till now";"radio/television";5943;"unknown/ no savings account";"... < 1 year";1;"female : divorced/separated/married";"none";1;"(if not optin 1 or 2) car or other, not in attribute";44;"none";"own";2;"skilled employee / official";1;"yes, registered under the customers name";"yes";1;"female"
"No checking account";18;"existing credits paid back duly till now";"business";1568;"51 <= ... <  255 euro";"1  <= ... < 4 years";3;"female : divorced/separated/married";"none";4;"(if not real estate) building society savings agreement/ life insurance";24;"none";"rent";1;"unskilled - resident";1;"none";"yes";0;"female"
"... <  0 euro";24;"existing credits paid back duly till now";"others";1755;"... <  51 euro";".. >= 7 years";4;"female : divorced/separated/married";"guarantor";4;"real estate";58;"none";"own";1;"unskilled - resident";1;"yes, registered under the customers name";"yes";0;"female"
"No checking account";12;"critical account/other credits existing (not at this bank)";"business";1412;"... <  51 euro";"1  <= ... < 4 years";4;"female : divorced/separated/married";"guarantor";2;"real estate";29;"none";"own";2;"management/ self-employed/highly qualified employee/ officer";1;"yes, registered under the customers name";"yes";0;"female"
"0 <= ... <  102 euro";18;"critical account/other credits existing (not at this bank)";"furniture/equipment";1295;"... <  51 euro";"... < 1 year";4;"female : divorced/separated/married";"none";1;"(if not real estate) building society savings agreement/ life insurance";27;"none";"own";2;"skilled employee / official";1;"none";"yes";0;"female"
"No checking account";12;"critical account/other credits existing (not at this bank)";"radio/television";797;"unknown/ no savings account";".. >= 7 years";4;"female : divorced/separated/married";"none";3;"(if not real estate) building society savings agreement/ life insurance";33;"bank";"own";1;"unskilled - resident";2;"none";"yes";1;"female"
"No checking account";12;"critical account/other credits existing (not at this bank)";"education";2012;"unknown/ no savings account";"4  <= ... < 7 years";4;"female : divorced/separated/married";"none";2;"(if not optin 1 or 2) car or other, not in attribute";61;"none";"own";1;"skilled employee / official";1;"none";"yes";0;"female"
"No checking account";6;"delay in paying off in the past";"radio/television";932;"... <  51 euro";"1  <= ... < 4 years";3;"female : divorced/separated/married";"none";2;"real estate";24;"none";"own";1;"skilled employee / official";1;"none";"yes";0;"female"
"... <  0 euro";24;"existing credits paid back duly till now";"furniture/equipment";7721;"unknown/ no savings account";"... < 1 year";1;"female : divorced/separated/married";"none";2;"(if not real estate) building society savings agreement/ life insurance";30;"none";"own";1;"skilled employee / official";1;"yes, registered under the customers name";"no";0;"female"
">= 102 euro";15;"existing credits paid back duly till now";"education";392;"... <  51 euro";"... < 1 year";4;"female : divorced/separated/married";"none";4;"(if not real estate) building society savings agreement/ life insurance";23;"none";"rent";1;"skilled employee / official";1;"yes, registered under the customers name";"yes";0;"female"
"No checking account";36;"critical account/other credits existing (not at this bank)";"car (new)";7855;"... <  51 euro";"1  <= ... < 4 years";4;"female : divorced/separated/married";"none";2;"real estate";25;"stores";"own";2;"skilled employee / official";1;"yes, registered under the customers name";"yes";1;"female"
"... <  0 euro";42;"existing credits paid back duly till now";"radio/television";7174;"unknown/ no savings account";"4  <= ... < 7 years";4;"female : divorced/separated/married";"none";3;"(if not optin 1 or 2) car or other, not in attribute";30;"none";"own";1;"management/ self-employed/highly qualified employee/ officer";1;"yes, registered under the customers name";"yes";1;"female"
"... <  0 euro";10;"critical account/other credits existing (not at this bank)";"furniture/equipment";2132;"unknown/ no savings account";"... < 1 year";2;"female : divorced/separated/married";"co-applicant";3;"real estate";27;"none";"rent";2;"skilled employee / official";1;"none";"no";0;"female"
"... <  0 euro";33;"critical account/other credits existing (not at this bank)";"furniture/equipment";4281;"255 euro <= ... < 511 euro";"1  <= ... < 4 years";1;"female : divorced/separated/married";"none";4;"(if not optin 1 or 2) car or other, not in attribute";23;"none";"own";2;"skilled employee / official";1;"none";"yes";1;"female"
"... <  0 euro";21;"existing credits paid back duly till now";"radio/television";1835;"... <  51 euro";"1  <= ... < 4 years";3;"female : divorced/separated/married";"none";2;"real estate";25;"none";"own";2;"skilled employee / official";1;"yes, registered under the customers name";"yes";1;"female"
"No checking account";24;"critical account/other credits existing (not at this bank)";"car (used)";3868;"... <  51 euro";".. >= 7 years";4;"female : divorced/separated/married";"none";2;"(if not optin 1 or 2) car or other, not in attribute";41;"none";"rent";2;"management/ self-employed/highly qualified employee/ officer";1;"yes, registered under the customers name";"yes";0;"female"
"0 <= ... <  102 euro";18;"existing credits paid back duly till now";"furniture/equipment";1924;"unknown/ no savings account";"... < 1 year";4;"female : divorced/separated/married";"none";3;"real estate";27;"none";"rent";1;"skilled employee / official";1;"none";"yes";1;"female"
"... <  0 euro";12;"critical account/other credits existing (not at this bank)";"car (new)";3499;"... <  51 euro";"1  <= ... < 4 years";3;"female : divorced/separated/married";"co-applicant";2;"real estate";29;"none";"own";2;"skilled employee / official";1;"none";"yes";1;"female"
"0 <= ... <  102 euro";48;"existing credits paid back duly till now";"car (new)";8487;"unknown/ no savings account";"4  <= ... < 7 years";1;"female : divorced/separated/married";"none";2;"(if not optin 1 or 2) car or other, not in attribute";24;"none";"own";1;"skilled employee / official";1;"none";"yes";0;"female"
"No checking account";60;"existing credits paid back duly till now";"radio/television";10144;"51 <= ... <  255 euro";"4  <= ... < 7 years";2;"female : divorced/separated/married";"none";4;"real estate";21;"none";"own";1;"skilled employee / official";1;"yes, registered under the customers name";"yes";0;"female"
"No checking account";12;"critical account/other credits existing (not at this bank)";"radio/television";1240;"unknown/ no savings account";".. >= 7 years";4;"female : divorced/separated/married";"none";2;"real estate";38;"none";"own";2;"skilled employee / official";1;"yes, registered under the customers name";"yes";0;"female"
">= 102 euro";12;"existing credits paid back duly till now";"radio/television";1881;"... <  51 euro";"1  <= ... < 4 years";2;"female : divorced/separated/married";"none";2;"(if not optin 1 or 2) car or other, not in attribute";44;"none";"rent";1;"unskilled - resident";1;"yes, registered under the customers name";"yes";0;"female"
"0 <= ... <  102 euro";36;"existing credits paid back duly till now";"radio/television";4795;"... <  51 euro";"... < 1 year";4;"female : divorced/separated/married";"none";1;"unknown / no property";30;"none";"own";1;"management/ self-employed/highly qualified employee/ officer";1;"yes, registered under the customers name";"yes";0;"female"
"No checking account";21;"critical account/other credits existing (not at this bank)";"furniture/equipment";2288;"... <  51 euro";"... < 1 year";4;"female : divorced/separated/married";"none";4;"(if not real estate) building society savings agreement/ life insurance";23;"none";"own";1;"skilled employee / official";1;"yes, registered under the customers name";"yes";0;"female"
"... <  0 euro";6;"critical account/other credits existing (not at this bank)";"car (new)";860;"... <  51 euro";".. >= 7 years";1;"female : divorced/separated/married";"none";4;"unknown / no property";39;"none";"own";2;"skilled employee / official";1;"yes, registered under the customers name";"yes";0;"female"
"No checking account";12;"critical account/other credits existing (not at this bank)";"car (new)";682;"51 <= ... <  255 euro";"4  <= ... < 7 years";4;"female : divorced/separated/married";"none";3;"(if not optin 1 or 2) car or other, not in attribute";51;"none";"own";2;"skilled employee / official";1;"yes, registered under the customers name";"yes";0;"female"
"0 <= ... <  102 euro";24;"critical account/other credits existing (not at this bank)";"car (used)";7758;".. >= 511 euro";".. >= 7 years";2;"female : divorced/separated/married";"none";4;"unknown / no property";29;"none";"rent";1;"skilled employee / official";1;"none";"yes";0;"female"
"... <  0 euro";12;"existing credits paid back duly till now";"furniture/equipment";1282;"... <  51 euro";"1  <= ... < 4 years";2;"female : divorced/separated/married";"none";4;"(if not optin 1 or 2) car or other, not in attribute";20;"none";"rent";1;"skilled employee / official";1;"none";"yes";1;"female"
"No checking account";18;"critical account/other credits existing (not at this bank)";"car (new)";1055;"... <  51 euro";"... < 1 year";4;"female : divorced/separated/married";"none";1;"(if not real estate) building society savings agreement/ life insurance";30;"none";"own";2;"skilled employee / official";1;"none";"yes";0;"female"
"... <  0 euro";18;"existing credits paid back duly till now";"furniture/equipment";1131;"... <  51 euro";"unemployed";4;"female : divorced/separated/married";"none";2;"(if not optin 1 or 2) car or other, not in attribute";33;"none";"own";1;"skilled employee / official";1;"none";"yes";1;"female"
"0 <= ... <  102 euro";11;"existing credits paid back duly till now";"furniture/equipment";1577;".. >= 511 euro";"... < 1 year";4;"female : divorced/separated/married";"none";1;"real estate";20;"none";"own";1;"skilled employee / official";1;"none";"yes";0;"female"
"No checking account";24;"existing credits paid back duly till now";"furniture/equipment";3972;"... <  51 euro";"4  <= ... < 7 years";2;"female : divorced/separated/married";"none";4;"(if not real estate) building society savings agreement/ life insurance";25;"none";"rent";1;"skilled employee / official";1;"yes, registered under the customers name";"yes";0;"female"
"No checking account";12;"existing credits paid back duly till now";"furniture/equipment";763;"... <  51 euro";"1  <= ... < 4 years";4;"female : divorced/separated/married";"none";1;"real estate";26;"none";"own";1;"skilled employee / official";1;"yes, registered under the customers name";"yes";0;"female"
"0 <= ... <  102 euro";24;"delay in paying off in the past";"furniture/equipment";2064;"... <  51 euro";"unemployed";3;"female : divorced/separated/married";"none";2;"(if not real estate) building society savings agreement/ life insurance";34;"none";"own";1;"management/ self-employed/highly qualified employee/ officer";1;"yes, registered under the customers name";"yes";1;"female"
"No checking account";30;"all credits at this bank paid back duly";"car (used)";7485;"unknown/ no savings account";"unemployed";4;"female : divorced/separated/married";"none";1;"real estate";53;"bank";"own";1;"management/ self-employed/highly qualified employee/ officer";1;"yes, registered under the customers name";"yes";1;"female"
"0 <= ... <  102 euro";9;"all credits at this bank paid back duly";"car (used)";5129;"... <  51 euro";".. >= 7 years";2;"female : divorced/separated/married";"none";4;"unknown / no property";74;"bank";"for free";1;"management/ self-employed/highly qualified employee/ officer";2;"yes, registered under the customers name";"yes";1;"female"
"0 <= ... <  102 euro";18;"no credits taken/ all credits paid back duly";"furniture/equipment";3244;"... <  51 euro";"1  <= ... < 4 years";1;"female : divorced/separated/married";"none";4;"(if not optin 1 or 2) car or other, not in attribute";33;"bank";"own";2;"skilled employee / official";1;"yes, registered under the customers name";"yes";0;"female"
"0 <= ... <  102 euro";9;"critical account/other credits existing (not at this bank)";"education";1501;"... <  51 euro";".. >= 7 years";2;"female : divorced/separated/married";"none";3;"(if not optin 1 or 2) car or other, not in attribute";34;"none";"own";2;"management/ self-employed/highly qualified employee/ officer";1;"yes, registered under the customers name";"yes";1;"female"
"No checking account";6;"critical account/other credits existing (not at this bank)";"radio/television";1382;"... <  51 euro";"1  <= ... < 4 years";1;"female : divorced/separated/married";"none";1;"(if not optin 1 or 2) car or other, not in attribute";28;"none";"own";2;"skilled employee / official";1;"yes, registered under the customers name";"yes";0;"female"
"0 <= ... <  102 euro";12;"existing credits paid back duly till now";"furniture/equipment";951;"51 <= ... <  255 euro";"... < 1 year";4;"female : divorced/separated/married";"none";4;"(if not optin 1 or 2) car or other, not in attribute";27;"bank";"rent";4;"skilled employee / official";1;"none";"yes";1;"female"
"No checking account";36;"existing credits paid back duly till now";"radio/television";3835;"unknown/ no savings account";".. >= 7 years";2;"female : divorced/separated/married";"none";4;"real estate";45;"none";"own";1;"unskilled - resident";1;"yes, registered under the customers name";"yes";0;"female"
"0 <= ... <  102 euro";6;"critical account/other credits existing (not at this bank)";"retraining";932;"unknown/ no savings account";"4  <= ... < 7 years";1;"female : divorced/separated/married";"none";3;"(if not real estate) building society savings agreement/ life insurance";39;"none";"own";2;"unskilled - resident";1;"none";"yes";0;"female"
"No checking account";10;"existing credits paid back duly till now";"car (new)";1364;"... <  51 euro";"1  <= ... < 4 years";2;"female : divorced/separated/married";"none";4;"(if not optin 1 or 2) car or other, not in attribute";64;"none";"own";1;"skilled employee / official";1;"yes, registered under the customers name";"yes";0;"female"
"... <  0 euro";12;"existing credits paid back duly till now";"education";1200;"unknown/ no savings account";"1  <= ... < 4 years";4;"female : divorced/separated/married";"none";4;"(if not real estate) building society savings agreement/ life insurance";23;"bank";"rent";1;"skilled employee / official";1;"yes, registered under the customers name";"yes";0;"female"
"No checking account";12;"critical account/other credits existing (not at this bank)";"radio/television";1291;"... <  51 euro";"1  <= ... < 4 years";4;"female : divorced/separated/married";"none";2;"(if not real estate) building society savings agreement/ life insurance";35;"none";"own";2;"skilled employee / official";1;"none";"yes";0;"female"
"... <  0 euro";24;"existing credits paid back duly till now";"car (new)";915;"unknown/ no savings account";".. >= 7 years";4;"female : divorced/separated/married";"none";2;"(if not optin 1 or 2) car or other, not in attribute";29;"bank";"own";1;"skilled employee / official";1;"none";"yes";1;"female"
"No checking account";12;"critical account/other credits existing (not at this bank)";"business";1185;"... <  51 euro";"1  <= ... < 4 years";3;"female : divorced/separated/married";"none";2;"real estate";27;"none";"own";2;"skilled employee / official";1;"none";"yes";0;"female"
"No checking account";12;"all credits at this bank paid back duly";"retraining";3447;"255 euro <= ... < 511 euro";"1  <= ... < 4 years";4;"female : divorced/separated/married";"none";3;"real estate";35;"none";"own";1;"unskilled - resident";2;"none";"yes";0;"female"
"No checking account";18;"existing credits paid back duly till now";"radio/television";433;"... <  51 euro";"unemployed";3;"female : divorced/separated/married";"co-applicant";4;"real estate";22;"none";"rent";1;"skilled employee / official";1;"none";"yes";1;"female"
"... <  0 euro";6;"critical account/other credits existing (not at this bank)";"car (new)";666;".. >= 511 euro";"4  <= ... < 7 years";3;"female : divorced/separated/married";"none";4;"real estate";39;"none";"own";2;"unskilled - resident";1;"yes, registered under the customers name";"yes";0;"female"
">= 102 euro";12;"existing credits paid back duly till now";"furniture/equipment";2251;"... <  51 euro";"1  <= ... < 4 years";1;"female : divorced/separated/married";"none";2;"(if not optin 1 or 2) car or other, not in attribute";46;"none";"own";1;"unskilled - resident";1;"none";"yes";0;"female"
"0 <= ... <  102 euro";30;"existing credits paid back duly till now";"car (new)";2150;"... <  51 euro";"1  <= ... < 4 years";4;"female : divorced/separated/married";"guarantor";2;"unknown / no property";24;"bank";"own";1;"skilled employee / official";1;"none";"yes";1;"female"
"No checking account";15;"existing credits paid back duly till now";"car (used)";3812;"51 <= ... <  255 euro";"... < 1 year";1;"female : divorced/separated/married";"none";4;"(if not optin 1 or 2) car or other, not in attribute";23;"none";"own";1;"skilled employee / official";1;"yes, registered under the customers name";"yes";0;"female"
"No checking account";11;"critical account/other credits existing (not at this bank)";"radio/television";1154;"51 <= ... <  255 euro";"unemployed";4;"female : divorced/separated/married";"none";4;"real estate";57;"none";"own";3;"unskilled - resident";1;"none";"yes";0;"female"
"... <  0 euro";24;"existing credits paid back duly till now";"radio/television";1603;"... <  51 euro";".. >= 7 years";4;"female : divorced/separated/married";"none";4;"(if not optin 1 or 2) car or other, not in attribute";55;"none";"own";1;"skilled employee / official";1;"none";"yes";0;"female"
"No checking account";12;"critical account/other credits existing (not at this bank)";"education";2748;"... <  51 euro";".. >= 7 years";2;"female : divorced/separated/married";"none";4;"unknown / no property";57;"bank";"for free";3;"unskilled - resident";1;"none";"yes";0;"female"
"No checking account";24;"existing credits paid back duly till now";"radio/television";1533;"... <  51 euro";"... < 1 year";4;"female : divorced/separated/married";"none";3;"(if not optin 1 or 2) car or other, not in attribute";38;"stores";"own";1;"skilled employee / official";1;"yes, registered under the customers name";"yes";0;"female"
"No checking account";12;"critical account/other credits existing (not at this bank)";"furniture/equipment";1402;"255 euro <= ... < 511 euro";"4  <= ... < 7 years";3;"female : divorced/separated/married";"none";4;"(if not optin 1 or 2) car or other, not in attribute";37;"none";"rent";1;"skilled employee / official";1;"yes, registered under the customers name";"yes";0;"female"
"No checking account";18;"critical account/other credits existing (not at this bank)";"radio/television";2404;"... <  51 euro";"1  <= ... < 4 years";2;"female : divorced/separated/married";"none";2;"(if not optin 1 or 2) car or other, not in attribute";26;"none";"own";2;"skilled employee / official";1;"none";"yes";0;"female"
"No checking account";6;"existing credits paid back duly till now";"furniture/equipment";4611;"... <  51 euro";"... < 1 year";1;"female : divorced/separated/married";"none";4;"(if not real estate) building society savings agreement/ life insurance";32;"none";"own";1;"skilled employee / official";1;"none";"yes";1;"female"
"... <  0 euro";47;"existing credits paid back duly till now";"car (new)";10722;"... <  51 euro";"... < 1 year";1;"female : divorced/separated/married";"none";1;"real estate";35;"none";"own";1;"unskilled - resident";1;"yes, registered under the customers name";"yes";0;"female"
"0 <= ... <  102 euro";12;"existing credits paid back duly till now";"radio/television";1092;"... <  51 euro";"1  <= ... < 4 years";4;"female : divorced/separated/married";"guarantor";4;"real estate";49;"none";"own";2;"skilled employee / official";1;"yes, registered under the customers name";"yes";0;"female"
"... <  0 euro";24;"critical account/other credits existing (not at this bank)";"car (used)";6419;"... <  51 euro";".. >= 7 years";2;"female : divorced/separated/married";"none";4;"unknown / no property";44;"none";"for free";2;"management/ self-employed/highly qualified employee/ officer";2;"yes, registered under the customers name";"yes";0;"female"
"0 <= ... <  102 euro";48;"existing credits paid back duly till now";"furniture/equipment";9960;"... <  51 euro";"... < 1 year";1;"female : divorced/separated/married";"none";2;"(if not optin 1 or 2) car or other, not in attribute";26;"none";"own";1;"skilled employee / official";1;"yes, registered under the customers name";"yes";1;"female"
"No checking account";12;"existing credits paid back duly till now";"car (used)";4675;"unknown/ no savings account";"... < 1 year";1;"female : divorced/separated/married";"none";4;"(if not optin 1 or 2) car or other, not in attribute";20;"none";"rent";1;"skilled employee / official";1;"none";"yes";0;"female"
"No checking account";6;"existing credits paid back duly till now";"car (new)";672;"... <  51 euro";"unemployed";1;"female : divorced/separated/married";"none";4;"real estate";54;"none";"own";1;"unemployed/ unskilled  - non-resident";1;"yes, registered under the customers name";"yes";0;"female"
"0 <= ... <  102 euro";36;"no credits taken/ all credits paid back duly";"radio/television";3804;"... <  51 euro";"1  <= ... < 4 years";4;"female : divorced/separated/married";"none";1;"(if not optin 1 or 2) car or other, not in attribute";42;"none";"own";1;"skilled employee / official";1;"yes, registered under the customers name";"yes";1;"female"
"No checking account";30;"existing credits paid back duly till now";"car (used)";4811;"unknown/ no savings account";"4  <= ... < 7 years";2;"female : divorced/separated/married";"none";4;"(if not real estate) building society savings agreement/ life insurance";24;"stores";"rent";1;"unskilled - resident";1;"none";"yes";0;"female"
"0 <= ... <  102 euro";8;"existing credits paid back duly till now";"furniture/equipment";1237;"... <  51 euro";"1  <= ... < 4 years";3;"female : divorced/separated/married";"none";4;"real estate";24;"none";"own";1;"skilled employee / official";1;"none";"yes";1;"female"
">= 102 euro";24;"existing credits paid back duly till now";"furniture/equipment";3749;"... <  51 euro";"... < 1 year";2;"female : divorced/separated/married";"none";4;"(if not optin 1 or 2) car or other, not in attribute";26;"none";"own";1;"skilled employee / official";1;"none";"yes";0;"female"
"0 <= ... <  102 euro";24;"existing credits paid back duly till now";"furniture/equipment";4351;"unknown/ no savings account";"1  <= ... < 4 years";1;"female : divorced/separated/married";"none";4;"(if not real estate) building society savings agreement/ life insurance";48;"none";"own";1;"unskilled - resident";1;"yes, registered under the customers name";"yes";0;"female"
"... <  0 euro";15;"delay in paying off in the past";"furniture/equipment";3643;"... <  51 euro";".. >= 7 years";1;"female : divorced/separated/married";"none";4;"(if not real estate) building society savings agreement/ life insurance";27;"none";"own";2;"unskilled - resident";1;"none";"yes";0;"female"
"No checking account";18;"critical account/other credits existing (not at this bank)";"car (new)";1028;"... <  51 euro";"1  <= ... < 4 years";4;"female : divorced/separated/married";"none";3;"real estate";36;"none";"own";2;"skilled employee / official";1;"none";"yes";0;"female"
"No checking account";24;"existing credits paid back duly till now";"car (new)";1525;".. >= 511 euro";"4  <= ... < 7 years";4;"female : divorced/separated/married";"none";3;"(if not optin 1 or 2) car or other, not in attribute";34;"none";"own";1;"skilled employee / official";2;"yes, registered under the customers name";"yes";0;"female"
"No checking account";18;"critical account/other credits existing (not at this bank)";"education";1864;"51 <= ... <  255 euro";"1  <= ... < 4 years";4;"female : divorced/separated/married";"none";2;"real estate";30;"none";"own";2;"skilled employee / official";1;"none";"yes";1;"female"
"0 <= ... <  102 euro";60;"existing credits paid back duly till now";"car (new)";7408;"51 <= ... <  255 euro";"... < 1 year";4;"female : divorced/separated/married";"none";2;"(if not real estate) building society savings agreement/ life insurance";24;"none";"own";1;"management/ self-employed/highly qualified employee/ officer";1;"none";"yes";1;"female"
"No checking account";48;"critical account/other credits existing (not at this bank)";"car (used)";11590;"51 <= ... <  255 euro";"1  <= ... < 4 years";2;"female : divorced/separated/married";"none";4;"(if not optin 1 or 2) car or other, not in attribute";24;"bank";"rent";2;"unskilled - resident";1;"none";"yes";1;"female"
"0 <= ... <  102 euro";13;"existing credits paid back duly till now";"radio/television";2101;"... <  51 euro";"... < 1 year";2;"female : divorced/separated/married";"guarantor";4;"(if not real estate) building society savings agreement/ life insurance";23;"none";"own";1;"unskilled - resident";1;"none";"yes";0;"female"
"... <  0 euro";15;"existing credits paid back duly till now";"domestic appliances";1275;"unknown/ no savings account";"1  <= ... < 4 years";4;"female : divorced/separated/married";"none";2;"(if not optin 1 or 2) car or other, not in attribute";24;"none";"rent";1;"skilled employee / official";1;"none";"yes";1;"female"
"0 <= ... <  102 euro";24;"critical account/other credits existing (not at this bank)";"education";5743;"... <  51 euro";"... < 1 year";2;"female : divorced/separated/married";"none";4;"unknown / no property";24;"none";"for free";2;"skilled employee / official";1;"yes, registered under the customers name";"yes";0;"female"
"... <  0 euro";21;"existing credits paid back duly till now";"furniture/equipment";3599;"... <  51 euro";"4  <= ... < 7 years";1;"female : divorced/separated/married";"none";4;"(if not optin 1 or 2) car or other, not in attribute";26;"none";"rent";1;"unskilled - resident";1;"none";"yes";0;"female"
"No checking account";15;"critical account/other credits existing (not at this bank)";"radio/television";1459;"... <  51 euro";"1  <= ... < 4 years";4;"female : divorced/separated/married";"none";2;"(if not optin 1 or 2) car or other, not in attribute";43;"none";"own";1;"unskilled - resident";1;"none";"yes";0;"female"
"0 <= ... <  102 euro";24;"existing credits paid back duly till now";"radio/television";3758;"255 euro <= ... < 511 euro";"unemployed";1;"female : divorced/separated/married";"none";4;"unknown / no property";23;"none";"rent";1;"unemployed/ unskilled  - non-resident";1;"none";"yes";0;"female"
"No checking account";9;"existing credits paid back duly till now";"domestic appliances";1236;"... <  51 euro";"... < 1 year";1;"female : divorced/separated/married";"none";4;"real estate";23;"none";"rent";1;"skilled employee / official";1;"yes, registered under the customers name";"yes";0;"female"
"0 <= ... <  102 euro";9;"existing credits paid back duly till now";"furniture/equipment";959;"... <  51 euro";"1  <= ... < 4 years";1;"female : divorced/separated/married";"none";2;"(if not optin 1 or 2) car or other, not in attribute";29;"none";"own";1;"skilled employee / official";1;"none";"no";1;"female"
"... <  0 euro";30;"existing credits paid back duly till now";"furniture/equipment";2406;"... <  51 euro";"4  <= ... < 7 years";4;"female : divorced/separated/married";"none";4;"real estate";23;"none";"rent";1;"skilled employee / official";1;"none";"yes";1;"female"
">= 102 euro";12;"delay in paying off in the past";"car (new)";2247;"... <  51 euro";"1  <= ... < 4 years";2;"female : divorced/separated/married";"none";2;"(if not optin 1 or 2) car or other, not in attribute";36;"stores";"own";2;"skilled employee / official";1;"yes, registered under the customers name";"yes";0;"female"
"... <  0 euro";18;"existing credits paid back duly till now";"furniture/equipment";3650;"... <  51 euro";"... < 1 year";1;"female : divorced/separated/married";"none";4;"(if not optin 1 or 2) car or other, not in attribute";22;"none";"rent";1;"skilled employee / official";1;"none";"yes";0;"female"
"0 <= ... <  102 euro";18;"existing credits paid back duly till now";"furniture/equipment";3001;"... <  51 euro";"4  <= ... < 7 years";2;"female : divorced/separated/married";"none";4;"real estate";40;"none";"rent";1;"skilled employee / official";1;"none";"yes";0;"female"
"No checking account";10;"critical account/other credits existing (not at this bank)";"furniture/equipment";2146;"... <  51 euro";"... < 1 year";1;"female : divorced/separated/married";"none";3;"real estate";23;"none";"rent";2;"skilled employee / official";1;"none";"yes";0;"female"
"0 <= ... <  102 euro";60;"all credits at this bank paid back duly";"others";14782;"51 <= ... <  255 euro";".. >= 7 years";3;"female : divorced/separated/married";"none";4;"unknown / no property";60;"bank";"for free";2;"management/ self-employed/highly qualified employee/ officer";1;"yes, registered under the customers name";"yes";1;"female"
"... <  0 euro";48;"all credits at this bank paid back duly";"business";7685;"... <  51 euro";"4  <= ... < 7 years";2;"female : divorced/separated/married";"guarantor";4;"(if not optin 1 or 2) car or other, not in attribute";37;"none";"rent";1;"skilled employee / official";1;"none";"yes";1;"female"
"No checking account";6;"critical account/other credits existing (not at this bank)";"car (new)";362;"51 <= ... <  255 euro";"1  <= ... < 4 years";4;"female : divorced/separated/married";"none";4;"(if not optin 1 or 2) car or other, not in attribute";52;"none";"own";2;"unskilled - resident";1;"none";"yes";0;"female"
"0 <= ... <  102 euro";18;"existing credits paid back duly till now";"car (used)";12976;"... <  51 euro";"unemployed";3;"female : divorced/separated/married";"none";4;"unknown / no property";38;"none";"for free";1;"management/ self-employed/highly qualified employee/ officer";1;"yes, registered under the customers name";"yes";1;"female"
"No checking account";22;"existing credits paid back duly till now";"car (new)";1283;"unknown/ no savings account";"4  <= ... < 7 years";4;"female : divorced/separated/married";"none";4;"(if not real estate) building society savings agreement/ life insurance";25;"none";"rent";1;"skilled employee / official";1;"none";"yes";0;"female"
"No checking account";18;"critical account/other credits existing (not at this bank)";"radio/television";2238;"... <  51 euro";"1  <= ... < 4 years";2;"female : divorced/separated/married";"none";1;"(if not optin 1 or 2) car or other, not in attribute";25;"none";"own";2;"skilled employee / official";1;"none";"yes";0;"female"
"No checking account";18;"existing credits paid back duly till now";"radio/television";1126;"unknown/ no savings account";"... < 1 year";4;"female : divorced/separated/married";"none";2;"real estate";21;"none";"rent";1;"skilled employee / official";1;"yes, registered under the customers name";"yes";0;"female"
"No checking account";9;"existing credits paid back duly till now";"business";1449;"... <  51 euro";"4  <= ... < 7 years";3;"female : divorced/separated/married";"none";2;"(if not optin 1 or 2) car or other, not in attribute";27;"none";"own";2;"skilled employee / official";1;"none";"yes";0;"female"
"0 <= ... <  102 euro";12;"existing credits paid back duly till now";"furniture/equipment";983;".. >= 511 euro";"... < 1 year";1;"female : divorced/separated/married";"none";4;"real estate";19;"none";"rent";1;"unskilled - resident";1;"none";"yes";0;"female"
"... <  0 euro";6;"critical account/other credits existing (not at this bank)";"radio/television";1957;"... <  51 euro";"4  <= ... < 7 years";1;"female : divorced/separated/married";"none";4;"(if not optin 1 or 2) car or other, not in attribute";31;"none";"own";1;"skilled employee / official";1;"none";"yes";0;"female"
"... <  0 euro";12;"existing credits paid back duly till now";"furniture/equipment";2578;"... <  51 euro";"unemployed";3;"female : divorced/separated/married";"none";4;"unknown / no property";55;"none";"for free";1;"management/ self-employed/highly qualified employee/ officer";1;"none";"yes";0;"female"
"No checking account";24;"critical account/other credits existing (not at this bank)";"radio/television";1516;".. >= 511 euro";"1  <= ... < 4 years";4;"female : divorced/separated/married";"none";1;"real estate";43;"none";"own";2;"unskilled - resident";1;"none";"yes";0;"female"
"0 <= ... <  102 euro";24;"existing credits paid back duly till now";"radio/television";1967;"... <  51 euro";".. >= 7 years";4;"female : divorced/separated/married";"none";4;"(if not optin 1 or 2) car or other, not in attribute";20;"none";"own";1;"skilled employee / official";1;"yes, registered under the customers name";"yes";0;"female"
"... <  0 euro";24;"existing credits paid back duly till now";"car (new)";1381;"unknown/ no savings account";"1  <= ... < 4 years";4;"female : divorced/separated/married";"none";2;"(if not real estate) building society savings agreement/ life insurance";35;"none";"own";1;"skilled employee / official";1;"none";"yes";1;"female"
"... <  0 euro";18;"delay in paying off in the past";"education";8471;"unknown/ no savings account";"1  <= ... < 4 years";1;"female : divorced/separated/married";"none";2;"(if not optin 1 or 2) car or other, not in attribute";23;"none";"rent";2;"skilled employee / official";1;"yes, registered under the customers name";"yes";0;"female"
"No checking account";21;"existing credits paid back duly till now";"car (new)";2782;"255 euro <= ... < 511 euro";"4  <= ... < 7 years";1;"female : divorced/separated/married";"none";2;"(if not optin 1 or 2) car or other, not in attribute";31;"bank";"own";1;"management/ self-employed/highly qualified employee/ officer";1;"none";"yes";0;"female"
"0 <= ... <  102 euro";18;"existing credits paid back duly till now";"car (new)";1042;"unknown/ no savings account";"1  <= ... < 4 years";4;"female : divorced/separated/married";"none";2;"(if not real estate) building society savings agreement/ life insurance";33;"none";"own";1;"skilled employee / official";1;"none";"yes";1;"female"
"No checking account";15;"existing credits paid back duly till now";"car (new)";3186;".. >= 511 euro";"4  <= ... < 7 years";2;"female : divorced/separated/married";"none";3;"(if not optin 1 or 2) car or other, not in attribute";20;"none";"rent";1;"skilled employee / official";1;"none";"yes";0;"female"
"0 <= ... <  102 euro";12;"existing credits paid back duly till now";"furniture/equipment";2762;"unknown/ no savings account";".. >= 7 years";1;"female : divorced/separated/married";"none";2;"(if not real estate) building society savings agreement/ life insurance";25;"bank";"own";1;"skilled employee / official";1;"yes, registered under the customers name";"yes";1;"female"
"... <  0 euro";18;"critical account/other credits existing (not at this bank)";"repairs";1190;"... <  51 euro";"unemployed";2;"female : divorced/separated/married";"none";4;"unknown / no property";55;"none";"for free";3;"unemployed/ unskilled  - non-resident";2;"none";"yes";1;"female"
"No checking account";24;"critical account/other credits existing (not at this bank)";"car (new)";1287;".. >= 511 euro";".. >= 7 years";4;"female : divorced/separated/married";"none";4;"real estate";37;"none";"own";2;"skilled employee / official";1;"yes, registered under the customers name";"yes";0;"female"
">= 102 euro";12;"all credits at this bank paid back duly";"business";609;"... <  51 euro";"... < 1 year";4;"female : divorced/separated/married";"none";1;"real estate";26;"none";"own";1;"unemployed/ unskilled  - non-resident";1;"none";"yes";1;"female"
"... <  0 euro";12;"existing credits paid back duly till now";"furniture/equipment";1620;"... <  51 euro";"1  <= ... < 4 years";2;"female : divorced/separated/married";"co-applicant";3;"(if not real estate) building society savings agreement/ life insurance";30;"none";"own";1;"skilled employee / official";1;"none";"yes";0;"female"
"0 <= ... <  102 euro";48;"critical account/other credits existing (not at this bank)";"furniture/equipment";5096;"... <  51 euro";"1  <= ... < 4 years";2;"female : divorced/separated/married";"none";3;"(if not optin 1 or 2) car or other, not in attribute";30;"none";"own";1;"management/ self-employed/highly qualified employee/ officer";1;"yes, registered under the customers name";"yes";1;"female"
"No checking account";9;"critical account/other credits existing (not at this bank)";"education";1244;"unknown/ no savings account";".. >= 7 years";4;"female : divorced/separated/married";"none";4;"(if not real estate) building society savings agreement/ life insurance";41;"none";"rent";2;"unskilled - resident";1;"none";"yes";0;"female"
"... <  0 euro";36;"existing credits paid back duly till now";"car (new)";1842;"... <  51 euro";"... < 1 year";4;"female : divorced/separated/married";"none";4;"(if not optin 1 or 2) car or other, not in attribute";34;"none";"own";1;"skilled employee / official";1;"yes, registered under the customers name";"yes";1;"female"
">= 102 euro";12;"existing credits paid back duly till now";"furniture/equipment";1424;"unknown/ no savings account";".. >= 7 years";3;"female : divorced/separated/married";"none";4;"real estate";55;"none";"own";1;"management/ self-employed/highly qualified employee/ officer";1;"yes, registered under the customers name";"yes";0;"female"
"No checking account";6;"existing credits paid back duly till now";"radio/television";518;"... <  51 euro";"1  <= ... < 4 years";3;"female : divorced/separated/married";"none";1;"real estate";29;"none";"own";1;"skilled employee / official";1;"none";"yes";0;"female"
"No checking account";24;"existing credits paid back duly till now";"car (used)";2679;"... <  51 euro";"... < 1 year";4;"female : divorced/separated/married";"none";1;"unknown / no property";29;"none";"own";1;"management/ self-employed/highly qualified employee/ officer";1;"yes, registered under the customers name";"yes";0;"female"
"... <  0 euro";6;"existing credits paid back duly till now";"domestic appliances";343;"... <  51 euro";"... < 1 year";4;"female : divorced/separated/married";"none";1;"real estate";27;"none";"own";1;"skilled employee / official";1;"none";"yes";0;"female"
"0 <= ... <  102 euro";12;"existing credits paid back duly till now";"furniture/equipment";3017;"... <  51 euro";"... < 1 year";3;"female : divorced/separated/married";"none";1;"real estate";34;"none";"rent";1;"management/ self-employed/highly qualified employee/ officer";1;"none";"yes";0;"female"
"... <  0 euro";24;"delay in paying off in the past";"radio/television";1659;"... <  51 euro";"... < 1 year";4;"female : divorced/separated/married";"none";2;"(if not optin 1 or 2) car or other, not in attribute";29;"none";"rent";1;"unskilled - resident";1;"yes, registered under the customers name";"yes";1;"female"
"No checking account";33;"delay in paying off in the past";"business";2764;"... <  51 euro";"1  <= ... < 4 years";2;"female : divorced/separated/married";"none";2;"(if not optin 1 or 2) car or other, not in attribute";26;"none";"own";2;"skilled employee / official";1;"yes, registered under the customers name";"yes";0;"female"
"... <  0 euro";6;"existing credits paid back duly till now";"education";448;"... <  51 euro";"... < 1 year";4;"female : divorced/separated/married";"none";4;"(if not real estate) building society savings agreement/ life insurance";23;"none";"own";1;"skilled employee / official";1;"none";"yes";1;"female"
"... <  0 euro";18;"no credits taken/ all credits paid back duly";"furniture/equipment";3114;"... <  51 euro";"... < 1 year";1;"female : divorced/separated/married";"none";4;"(if not real estate) building society savings agreement/ life insurance";26;"none";"rent";1;"skilled employee / official";1;"none";"yes";1;"female"
"0 <= ... <  102 euro";12;"critical account/other credits existing (not at this bank)";"radio/television";3573;"... <  51 euro";"1  <= ... < 4 years";1;"female : divorced/separated/married";"none";1;"real estate";23;"none";"own";1;"unskilled - resident";1;"none";"yes";0;"female"
"... <  0 euro";30;"existing credits paid back duly till now";"furniture/equipment";3622;".. >= 511 euro";".. >= 7 years";4;"female : divorced/separated/married";"none";4;"(if not real estate) building society savings agreement/ life insurance";57;"none";"rent";2;"skilled employee / official";1;"yes, registered under the customers name";"yes";0;"female"
"No checking account";15;"delay in paying off in the past";"furniture/equipment";960;".. >= 511 euro";"4  <= ... < 7 years";3;"female : divorced/separated/married";"none";2;"(if not real estate) building society savings agreement/ life insurance";30;"none";"own";2;"skilled employee / official";1;"none";"yes";0;"female"
"No checking account";24;"existing credits paid back duly till now";"car (new)";3757;"... <  51 euro";".. >= 7 years";4;"female : divorced/separated/married";"co-applicant";4;"unknown / no property";62;"none";"for free";1;"skilled employee / official";1;"yes, registered under the customers name";"yes";0;"female"
"0 <= ... <  102 euro";27;"no credits taken/ all credits paid back duly";"business";8318;"... <  51 euro";".. >= 7 years";2;"female : divorced/separated/married";"none";4;"unknown / no property";42;"none";"for free";2;"management/ self-employed/highly qualified employee/ officer";1;"yes, registered under the customers name";"yes";1;"female"
"No checking account";6;"critical account/other credits existing (not at this bank)";"radio/television";1237;"51 <= ... <  255 euro";"1  <= ... < 4 years";1;"female : divorced/separated/married";"none";1;"(if not real estate) building society savings agreement/ life insurance";27;"none";"own";2;"skilled employee / official";1;"none";"yes";0;"female"
"... <  0 euro";24;"existing credits paid back duly till now";"car (new)";3123;"... <  51 euro";"... < 1 year";4;"female : divorced/separated/married";"none";1;"(if not real estate) building society savings agreement/ life insurance";27;"none";"own";1;"skilled employee / official";1;"none";"yes";1;"female"
"... <  0 euro";24;"existing credits paid back duly till now";"car (new)";1207;"... <  51 euro";"... < 1 year";4;"female : divorced/separated/married";"none";4;"(if not real estate) building society savings agreement/ life insurance";24;"none";"rent";1;"skilled employee / official";1;"none";"yes";1;"female"
"... <  0 euro";6;"critical account/other credits existing (not at this bank)";"car (new)";609;"... <  51 euro";"4  <= ... < 7 years";4;"female : divorced/separated/married";"none";3;"(if not real estate) building society savings agreement/ life insurance";37;"none";"own";2;"skilled employee / official";1;"none";"no";0;"female"
"No checking account";36;"critical account/other credits existing (not at this bank)";"furniture/equipment";7127;"... <  51 euro";"... < 1 year";2;"female : divorced/separated/married";"none";4;"(if not real estate) building society savings agreement/ life insurance";23;"none";"rent";2;"skilled employee / official";1;"yes, registered under the customers name";"yes";1;"female"
"... <  0 euro";18;"existing credits paid back duly till now";"radio/television";3190;"... <  51 euro";"1  <= ... < 4 years";2;"female : divorced/separated/married";"none";2;"real estate";24;"none";"own";1;"skilled employee / official";1;"none";"yes";1;"female"
"No checking account";24;"existing credits paid back duly till now";"car (used)";3488;"51 <= ... <  255 euro";"4  <= ... < 7 years";3;"female : divorced/separated/married";"none";4;"(if not optin 1 or 2) car or other, not in attribute";23;"none";"own";1;"skilled employee / official";1;"none";"yes";0;"female"
"0 <= ... <  102 euro";18;"existing credits paid back duly till now";"radio/television";1113;"... <  51 euro";"1  <= ... < 4 years";4;"female : divorced/separated/married";"guarantor";4;"real estate";26;"none";"own";1;"unskilled - resident";2;"none";"yes";0;"female"
"No checking account";15;"critical account/other credits existing (not at this bank)";"education";1532;"51 <= ... <  255 euro";"1  <= ... < 4 years";4;"female : divorced/separated/married";"none";3;"(if not optin 1 or 2) car or other, not in attribute";31;"none";"own";1;"skilled employee / official";1;"none";"yes";0;"female"
"0 <= ... <  102 euro";15;"existing credits paid back duly till now";"car (new)";2631;"51 <= ... <  255 euro";"1  <= ... < 4 years";2;"female : divorced/separated/married";"none";4;"(if not optin 1 or 2) car or other, not in attribute";28;"none";"rent";2;"skilled employee / official";1;"yes, registered under the customers name";"yes";1;"female"
"... <  0 euro";6;"existing credits paid back duly till now";"car (new)";1374;"unknown/ no savings account";"unemployed";4;"female : divorced/separated/married";"none";3;"(if not real estate) building society savings agreement/ life insurance";75;"none";"own";1;"management/ self-employed/highly qualified employee/ officer";1;"yes, registered under the customers name";"yes";0;"female"
"0 <= ... <  102 euro";18;"critical account/other credits existing (not at this bank)";"furniture/equipment";3612;"... <  51 euro";".. >= 7 years";3;"female : divorced/separated/married";"none";4;"(if not real estate) building society savings agreement/ life insurance";37;"none";"own";1;"skilled employee / official";1;"yes, registered under the customers name";"yes";0;"female"
">= 102 euro";18;"existing credits paid back duly till now";"furniture/equipment";3049;"... <  51 euro";"... < 1 year";1;"female : divorced/separated/married";"none";1;"(if not real estate) building society savings agreement/ life insurance";45;"stores";"own";1;"unskilled - resident";1;"none";"yes";0;"female"
"No checking account";24;"critical account/other credits existing (not at this bank)";"car (new)";2022;"... <  51 euro";"1  <= ... < 4 years";4;"female : divorced/separated/married";"none";4;"(if not optin 1 or 2) car or other, not in attribute";37;"none";"own";1;"skilled employee / official";1;"yes, registered under the customers name";"yes";0;"female"
"... <  0 euro";12;"all credits at this bank paid back duly";"radio/television";626;"... <  51 euro";"1  <= ... < 4 years";4;"female : divorced/separated/married";"none";4;"real estate";24;"bank";"own";1;"unskilled - resident";1;"none";"yes";1;"female"
"No checking account";12;"critical account/other credits existing (not at this bank)";"repairs";996;"unknown/ no savings account";"4  <= ... < 7 years";4;"female : divorced/separated/married";"none";4;"real estate";23;"none";"own";2;"skilled employee / official";1;"none";"yes";0;"female"
"0 <= ... <  102 euro";9;"existing credits paid back duly till now";"education";1199;"... <  51 euro";"4  <= ... < 7 years";4;"female : divorced/separated/married";"none";4;"(if not real estate) building society savings agreement/ life insurance";67;"none";"own";2;"management/ self-employed/highly qualified employee/ officer";1;"yes, registered under the customers name";"yes";0;"female"
"0 <= ... <  102 euro";18;"no credits taken/ all credits paid back duly";"car (new)";2278;"51 <= ... <  255 euro";"... < 1 year";3;"female : divorced/separated/married";"none";3;"(if not optin 1 or 2) car or other, not in attribute";28;"none";"own";2;"skilled employee / official";1;"none";"yes";1;"female"
"No checking account";21;"no credits taken/ all credits paid back duly";"car (new)";5003;"unknown/ no savings account";"1  <= ... < 4 years";1;"female : divorced/separated/married";"none";4;"(if not real estate) building society savings agreement/ life insurance";29;"bank";"own";2;"skilled employee / official";1;"yes, registered under the customers name";"yes";1;"female"
">= 102 euro";6;"delay in paying off in the past";"radio/television";683;"... <  51 euro";"... < 1 year";2;"female : divorced/separated/married";"none";1;"(if not real estate) building society savings agreement/ life insurance";29;"bank";"own";1;"skilled employee / official";1;"none";"yes";0;"female"
"0 <= ... <  102 euro";24;"delay in paying off in the past";"radio/television";1553;"51 <= ... <  255 euro";"4  <= ... < 7 years";3;"female : divorced/separated/married";"none";2;"(if not real estate) building society savings agreement/ life insurance";23;"none";"rent";2;"skilled employee / official";1;"yes, registered under the customers name";"yes";0;"female"
"... <  0 euro";48;"existing credits paid back duly till now";"radio/television";6758;"... <  51 euro";"1  <= ... < 4 years";3;"female : divorced/separated/married";"none";2;"(if not optin 1 or 2) car or other, not in attribute";31;"none";"own";1;"skilled employee / official";1;"yes, registered under the customers name";"yes";1;"female"
"... <  0 euro";24;"existing credits paid back duly till now";"furniture/equipment";3234;"... <  51 euro";"... < 1 year";4;"female : divorced/separated/married";"none";4;"real estate";23;"none";"rent";1;"unskilled - resident";1;"yes, registered under the customers name";"yes";1;"female"
"No checking account";24;"existing credits paid back duly till now";"car (used)";5433;"unknown/ no savings account";"unemployed";2;"female : divorced/separated/married";"none";4;"(if not real estate) building society savings agreement/ life insurance";26;"none";"rent";1;"management/ self-employed/highly qualified employee/ officer";1;"yes, registered under the customers name";"yes";0;"female"
"... <  0 euro";15;"existing credits paid back duly till now";"business";806;"... <  51 euro";"1  <= ... < 4 years";4;"female : divorced/separated/married";"none";4;"(if not real estate) building society savings agreement/ life insurance";22;"none";"own";1;"unskilled - resident";1;"none";"yes";0;"female"
"No checking account";15;"critical account/other credits existing (not at this bank)";"furniture/equipment";2788;"... <  51 euro";"4  <= ... < 7 years";2;"female : divorced/separated/married";"co-applicant";3;"(if not optin 1 or 2) car or other, not in attribute";24;"bank";"own";2;"skilled employee / official";1;"none";"yes";0;"female"
"0 <= ... <  102 euro";12;"existing credits paid back duly till now";"radio/television";2930;"... <  51 euro";"4  <= ... < 7 years";2;"female : divorced/separated/married";"none";1;"real estate";27;"none";"own";1;"skilled employee / official";1;"none";"yes";0;"female"
"No checking account";24;"critical account/other credits existing (not at this bank)";"education";1927;"unknown/ no savings account";"1  <= ... < 4 years";3;"female : divorced/separated/married";"none";2;"(if not optin 1 or 2) car or other, not in attribute";33;"none";"own";2;"skilled employee / official";1;"yes, registered under the customers name";"yes";0;"female"
"No checking account";9;"existing credits paid back duly till now";"furniture/equipment";1388;"... <  51 euro";"1  <= ... < 4 years";4;"female : divorced/separated/married";"none";2;"real estate";26;"none";"rent";1;"skilled employee / official";1;"none";"yes";0;"female"
"No checking account";12;"existing credits paid back duly till now";"car (new)";2133;"unknown/ no savings account";".. >= 7 years";4;"female : divorced/separated/married";"none";4;"unknown / no property";52;"none";"for free";1;"management/ self-employed/highly qualified employee/ officer";1;"yes, registered under the customers name";"yes";0;"female"
"... <  0 euro";18;"existing credits paid back duly till now";"furniture/equipment";2039;"... <  51 euro";"1  <= ... < 4 years";1;"female : divorced/separated/married";"none";4;"real estate";20;"bank";"rent";1;"skilled employee / official";1;"none";"yes";1;"female"
"... <  0 euro";12;"critical account/other credits existing (not at this bank)";"radio/television";385;"... <  51 euro";"4  <= ... < 7 years";4;"female : divorced/separated/married";"none";3;"real estate";58;"none";"own";4;"unskilled - resident";1;"yes, registered under the customers name";"yes";0;"female"
"0 <= ... <  102 euro";24;"delay in paying off in the past";"car (new)";1965;"unknown/ no savings account";"1  <= ... < 4 years";4;"female : divorced/separated/married";"none";4;"(if not optin 1 or 2) car or other, not in attribute";42;"none";"rent";2;"skilled employee / official";1;"yes, registered under the customers name";"yes";0;"female"
"No checking account";21;"existing credits paid back duly till now";"business";1572;".. >= 511 euro";".. >= 7 years";4;"female : divorced/separated/married";"none";4;"real estate";36;"bank";"own";1;"unskilled - resident";1;"none";"yes";0;"female"
"0 <= ... <  102 euro";24;"existing credits paid back duly till now";"car (new)";2718;"... <  51 euro";"1  <= ... < 4 years";3;"female : divorced/separated/married";"none";4;"(if not real estate) building society savings agreement/ life insurance";20;"none";"rent";1;"unskilled - resident";1;"yes, registered under the customers name";"yes";1;"female"
"0 <= ... <  102 euro";6;"all credits at this bank paid back duly";"car (new)";931;"51 <= ... <  255 euro";"... < 1 year";1;"female : divorced/separated/married";"none";1;"(if not real estate) building society savings agreement/ life insurance";32;"stores";"own";1;"unskilled - resident";1;"none";"yes";1;"female"
"... <  0 euro";24;"existing credits paid back duly till now";"car (new)";1442;"... <  51 euro";"4  <= ... < 7 years";4;"female : divorced/separated/married";"none";4;"(if not optin 1 or 2) car or other, not in attribute";23;"none";"rent";2;"skilled employee / official";1;"none";"yes";1;"female"
"0 <= ... <  102 euro";7;"existing credits paid back duly till now";"radio/television";2329;"... <  51 euro";"... < 1 year";1;"female : divorced/separated/married";"guarantor";1;"real estate";45;"none";"own";1;"skilled employee / official";1;"none";"yes";0;"female"
"0 <= ... <  102 euro";9;"existing credits paid back duly till now";"furniture/equipment";918;"... <  51 euro";"1  <= ... < 4 years";4;"female : divorced/separated/married";"none";1;"(if not real estate) building society savings agreement/ life insurance";30;"none";"own";1;"skilled employee / official";1;"none";"yes";1;"female"
"0 <= ... <  102 euro";24;"all credits at this bank paid back duly";"education";1837;"... <  51 euro";"4  <= ... < 7 years";4;"female : divorced/separated/married";"none";4;"unknown / no property";34;"bank";"for free";1;"unskilled - resident";1;"none";"yes";1;"female"
"No checking account";36;"existing credits paid back duly till now";"furniture/equipment";3349;"... <  51 euro";"1  <= ... < 4 years";4;"female : divorced/separated/married";"none";2;"(if not optin 1 or 2) car or other, not in attribute";28;"none";"own";1;"management/ self-employed/highly qualified employee/ officer";1;"yes, registered under the customers name";"yes";1;"female"
">= 102 euro";10;"existing credits paid back duly till now";"furniture/equipment";1275;"... <  51 euro";"... < 1 year";4;"female : divorced/separated/married";"none";2;"(if not real estate) building society savings agreement/ life insurance";23;"none";"own";1;"skilled employee / official";1;"none";"yes";0;"female"
"0 <= ... <  102 euro";36;"existing credits paid back duly till now";"radio/television";2671;"51 <= ... <  255 euro";"1  <= ... < 4 years";4;"female : divorced/separated/married";"co-applicant";4;"unknown / no property";50;"none";"for free";1;"skilled employee / official";1;"none";"yes";1;"female"
"... <  0 euro";12;"existing credits paid back duly till now";"domestic appliances";741;"51 <= ... <  255 euro";"unemployed";4;"female : divorced/separated/married";"none";3;"(if not real estate) building society savings agreement/ life insurance";22;"none";"own";1;"skilled employee / official";1;"none";"yes";1;"female"
">= 102 euro";10;"existing credits paid back duly till now";"car (new)";1240;"51 <= ... <  255 euro";".. >= 7 years";1;"female : divorced/separated/married";"none";4;"unknown / no property";48;"none";"for free";1;"unskilled - resident";2;"none";"yes";1;"female"
"... <  0 euro";21;"existing credits paid back duly till now";"radio/television";3357;".. >= 511 euro";"... < 1 year";4;"female : divorced/separated/married";"none";2;"(if not optin 1 or 2) car or other, not in attribute";29;"bank";"own";1;"skilled employee / official";1;"none";"yes";0;"female"
"... <  0 euro";24;"all credits at this bank paid back duly";"car (used)";3632;"... <  51 euro";"1  <= ... < 4 years";1;"female : divorced/separated/married";"guarantor";4;"(if not optin 1 or 2) car or other, not in attribute";22;"bank";"rent";1;"skilled employee / official";1;"none";"no";0;"female"
"No checking account";18;"delay in paying off in the past";"furniture/equipment";1808;"... <  51 euro";"4  <= ... < 7 years";4;"female : divorced/separated/married";"none";1;"real estate";22;"none";"own";1;"skilled employee / official";1;"none";"yes";1;"female"
"0 <= ... <  102 euro";30;"existing credits paid back duly till now";"furniture/equipment";3441;"51 <= ... <  255 euro";"1  <= ... < 4 years";2;"female : divorced/separated/married";"co-applicant";4;"(if not optin 1 or 2) car or other, not in attribute";21;"none";"rent";1;"skilled employee / official";1;"none";"yes";1;"female"
"... <  0 euro";12;"existing credits paid back duly till now";"furniture/equipment";1858;"... <  51 euro";"... < 1 year";4;"female : divorced/separated/married";"none";1;"(if not optin 1 or 2) car or other, not in attribute";22;"none";"rent";1;"skilled employee / official";1;"none";"yes";0;"female"
"... <  0 euro";24;"existing credits paid back duly till now";"radio/television";3660;"... <  51 euro";"1  <= ... < 4 years";2;"female : divorced/separated/married";"none";4;"(if not optin 1 or 2) car or other, not in attribute";28;"none";"own";1;"skilled employee / official";1;"none";"yes";0;"female"
"No checking account";9;"existing credits paid back duly till now";"furniture/equipment";1980;"... <  51 euro";"... < 1 year";2;"female : divorced/separated/married";"co-applicant";2;"(if not optin 1 or 2) car or other, not in attribute";19;"none";"rent";2;"skilled employee / official";1;"none";"yes";1;"female"
"0 <= ... <  102 euro";24;"existing credits paid back duly till now";"car (new)";1355;"... <  51 euro";"... < 1 year";3;"female : divorced/separated/married";"none";4;"(if not optin 1 or 2) car or other, not in attribute";25;"none";"own";1;"unskilled - resident";1;"yes, registered under the customers name";"yes";1;"female"
"No checking account";24;"existing credits paid back duly till now";"radio/television";1376;"255 euro <= ... < 511 euro";"4  <= ... < 7 years";4;"female : divorced/separated/married";"none";1;"(if not optin 1 or 2) car or other, not in attribute";28;"none";"own";1;"skilled employee / official";1;"none";"yes";0;"female"
"No checking account";12;"existing credits paid back duly till now";"radio/television";1493;"... <  51 euro";"... < 1 year";4;"female : divorced/separated/married";"none";3;"(if not optin 1 or 2) car or other, not in attribute";34;"none";"own";1;"skilled employee / official";2;"none";"yes";0;"female"
"... <  0 euro";18;"existing credits paid back duly till now";"education";750;"... <  51 euro";"unemployed";4;"female : divorced/separated/married";"none";1;"real estate";27;"none";"own";1;"unemployed/ unskilled  - non-resident";1;"none";"yes";1;"female"
"No checking account";12;"existing credits paid back duly till now";"car (new)";1386;"255 euro <= ... < 511 euro";"1  <= ... < 4 years";2;"female : divorced/separated/married";"none";2;"(if not real estate) building society savings agreement/ life insurance";26;"none";"own";1;"skilled employee / official";1;"none";"yes";1;"female"
"0 <= ... <  102 euro";30;"no credits taken/ all credits paid back duly";"business";4221;"... <  51 euro";"1  <= ... < 4 years";2;"female : divorced/separated/married";"none";1;"(if not optin 1 or 2) car or other, not in attribute";28;"none";"own";2;"skilled employee / official";1;"none";"yes";0;"female"
">= 102 euro";6;"critical account/other credits existing (not at this bank)";"education";1047;"... <  51 euro";"1  <= ... < 4 years";2;"female : divorced/separated/married";"none";4;"(if not real estate) building society savings agreement/ life insurance";50;"none";"own";1;"unskilled - resident";1;"none";"yes";0;"female"
"No checking account";48;"all credits at this bank paid back duly";"business";3609;"... <  51 euro";"1  <= ... < 4 years";1;"female : divorced/separated/married";"none";1;"real estate";27;"stores";"own";1;"skilled employee / official";1;"none";"yes";0;"female"
"No checking account";30;"critical account/other credits existing (not at this bank)";"radio/television";4530;"... <  51 euro";"4  <= ... < 7 years";4;"female : divorced/separated/married";"none";4;"(if not optin 1 or 2) car or other, not in attribute";26;"none";"rent";1;"management/ self-employed/highly qualified employee/ officer";1;"yes, registered under the customers name";"yes";0;"female"
"No checking account";18;"existing credits paid back duly till now";"radio/television";1453;"... <  51 euro";"... < 1 year";3;"female : divorced/separated/married";"none";1;"real estate";26;"none";"own";1;"skilled employee / official";1;"none";"yes";0;"female"
"No checking account";6;"existing credits paid back duly till now";"education";1538;"... <  51 euro";"... < 1 year";1;"female : divorced/separated/married";"none";2;"unknown / no property";56;"none";"own";1;"skilled employee / official";1;"none";"yes";0;"female"
"0 <= ... <  102 euro";15;"existing credits paid back duly till now";"repairs";2631;"51 <= ... <  255 euro";"1  <= ... < 4 years";3;"female : divorced/separated/married";"none";2;"real estate";25;"none";"own";1;"unskilled - resident";1;"none";"yes";0;"female"
"No checking account";12;"critical account/other credits existing (not at this bank)";"car (new)";926;"... <  51 euro";"unemployed";1;"female : divorced/separated/married";"none";2;"(if not real estate) building society savings agreement/ life insurance";38;"none";"own";1;"unemployed/ unskilled  - non-resident";1;"none";"yes";0;"female"
"No checking account";12;"existing credits paid back duly till now";"furniture/equipment";1123;"255 euro <= ... < 511 euro";"1  <= ... < 4 years";4;"female : divorced/separated/married";"none";4;"(if not optin 1 or 2) car or other, not in attribute";29;"none";"rent";1;"unskilled - resident";1;"none";"yes";1;"female"
">= 102 euro";24;"existing credits paid back duly till now";"radio/television";1377;"51 <= ... <  255 euro";".. >= 7 years";4;"female : divorced/separated/married";"none";2;"unknown / no property";47;"none";"for free";1;"skilled employee / official";1;"yes, registered under the customers name";"yes";0;"female"
"0 <= ... <  102 euro";27;"existing credits paid back duly till now";"business";2528;"... <  51 euro";"... < 1 year";4;"female : divorced/separated/married";"none";1;"(if not real estate) building society savings agreement/ life insurance";32;"none";"own";1;"skilled employee / official";2;"yes, registered under the customers name";"yes";0;"female"
"No checking account";15;"existing credits paid back duly till now";"car (new)";5324;"255 euro <= ... < 511 euro";".. >= 7 years";1;"female : divorced/separated/married";"none";4;"unknown / no property";35;"none";"for free";1;"skilled employee / official";1;"none";"yes";0;"female"
"0 <= ... <  102 euro";12;"no credits taken/ all credits paid back duly";"furniture/equipment";2969;"... <  51 euro";"... < 1 year";4;"female : divorced/separated/married";"none";3;"(if not real estate) building society savings agreement/ life insurance";25;"none";"rent";2;"skilled employee / official";1;"none";"yes";1;"female"
"0 <= ... <  102 euro";9;"existing credits paid back duly till now";"radio/television";1206;"... <  51 euro";".. >= 7 years";4;"female : divorced/separated/married";"none";4;"real estate";25;"none";"own";1;"skilled employee / official";1;"none";"yes";0;"female"
"... <  0 euro";6;"all credits at this bank paid back duly";"education";1198;"... <  51 euro";".. >= 7 years";4;"female : divorced/separated/married";"none";4;"unknown / no property";35;"none";"for free";1;"skilled employee / official";1;"none";"yes";1;"female"
"0 <= ... <  102 euro";6;"all credits at this bank paid back duly";"education";433;".. >= 511 euro";"... < 1 year";4;"female : divorced/separated/married";"none";2;"(if not real estate) building society savings agreement/ life insurance";24;"bank";"rent";1;"skilled employee / official";2;"none";"yes";1;"female"
"... <  0 euro";12;"existing credits paid back duly till now";"car (new)";1228;"... <  51 euro";"1  <= ... < 4 years";4;"female : divorced/separated/married";"none";2;"real estate";24;"none";"own";1;"unskilled - resident";1;"none";"yes";1;"female"
"0 <= ... <  102 euro";9;"existing credits paid back duly till now";"radio/television";790;"255 euro <= ... < 511 euro";"1  <= ... < 4 years";4;"female : divorced/separated/married";"none";3;"real estate";66;"none";"own";1;"unskilled - resident";1;"none";"yes";0;"female"
"No checking account";27;"existing credits paid back duly till now";"car (new)";2570;"... <  51 euro";"1  <= ... < 4 years";3;"female : divorced/separated/married";"none";3;"real estate";21;"none";"rent";1;"skilled employee / official";1;"none";"yes";1;"female"
"No checking account";6;"critical account/other credits existing (not at this bank)";"car (new)";250;".. >= 511 euro";"1  <= ... < 4 years";2;"female : divorced/separated/married";"none";2;"real estate";41;"bank";"own";2;"unskilled - resident";1;"none";"yes";0;"female"
"... <  0 euro";18;"existing credits paid back duly till now";"radio/television";1882;"... <  51 euro";"1  <= ... < 4 years";4;"female : divorced/separated/married";"none";4;"(if not optin 1 or 2) car or other, not in attribute";25;"bank";"rent";2;"skilled employee / official";1;"none";"yes";1;"female"
"0 <= ... <  102 euro";48;"all credits at this bank paid back duly";"business";6416;"... <  51 euro";".. >= 7 years";4;"female : divorced/separated/married";"none";3;"unknown / no property";59;"none";"rent";1;"skilled employee / official";1;"none";"yes";1;"female"
"0 <= ... <  102 euro";8;"existing credits paid back duly till now";"radio/television";760;"... <  51 euro";"4  <= ... < 7 years";4;"female : divorced/separated/married";"guarantor";2;"real estate";44;"none";"own";1;"unskilled - resident";1;"none";"yes";0;"female"
"No checking account";24;"existing credits paid back duly till now";"car (used)";2603;".. >= 511 euro";"1  <= ... < 4 years";2;"female : divorced/separated/married";"none";4;"(if not optin 1 or 2) car or other, not in attribute";28;"none";"rent";1;"skilled employee / official";1;"yes, registered under the customers name";"yes";0;"female"
"No checking account";4;"critical account/other credits existing (not at this bank)";"car (new)";3380;"... <  51 euro";"4  <= ... < 7 years";1;"female : divorced/separated/married";"none";1;"real estate";37;"none";"own";1;"skilled employee / official";2;"none";"yes";0;"female"
"0 <= ... <  102 euro";36;"all credits at this bank paid back duly";"domestic appliances";3990;"unknown/ no savings account";"... < 1 year";3;"female : divorced/separated/married";"none";2;"unknown / no property";29;"bank";"own";1;"unemployed/ unskilled  - non-resident";1;"none";"yes";0;"female"
"0 <= ... <  102 euro";24;"existing credits paid back duly till now";"car (used)";11560;"... <  51 euro";"1  <= ... < 4 years";1;"female : divorced/separated/married";"none";4;"(if not optin 1 or 2) car or other, not in attribute";23;"none";"rent";2;"management/ self-employed/highly qualified employee/ officer";1;"none";"yes";1;"female"
"0 <= ... <  102 euro";30;"no credits taken/ all credits paid back duly";"business";4280;"51 <= ... <  255 euro";"1  <= ... < 4 years";4;"female : divorced/separated/married";"none";4;"(if not optin 1 or 2) car or other, not in attribute";26;"none";"rent";2;"unskilled - resident";1;"none";"yes";1;"female"
"... <  0 euro";15;"existing credits paid back duly till now";"car (new)";2511;"... <  51 euro";"unemployed";1;"female : divorced/separated/married";"none";4;"(if not optin 1 or 2) car or other, not in attribute";23;"none";"rent";1;"skilled employee / official";1;"none";"yes";0;"female"
"... <  0 euro";12;"existing credits paid back duly till now";"car (new)";1274;"... <  51 euro";"... < 1 year";3;"female : divorced/separated/married";"none";1;"real estate";37;"none";"own";1;"unskilled - resident";1;"none";"yes";1;"female"
"... <  0 euro";6;"existing credits paid back duly till now";"furniture/equipment";428;"... <  51 euro";".. >= 7 years";2;"female : divorced/separated/married";"none";1;"(if not real estate) building society savings agreement/ life insurance";49;"bank";"own";1;"skilled employee / official";1;"yes, registered under the customers name";"yes";0;"female"
"... <  0 euro";18;"existing credits paid back duly till now";"car (new)";976;"... <  51 euro";"... < 1 year";1;"female : divorced/separated/married";"none";2;"(if not optin 1 or 2) car or other, not in attribute";23;"none";"own";1;"unskilled - resident";1;"none";"yes";1;"female"
"0 <= ... <  102 euro";12;"existing credits paid back duly till now";"business";841;"51 <= ... <  255 euro";"4  <= ... < 7 years";2;"female : divorced/separated/married";"none";4;"real estate";23;"none";"rent";1;"unskilled - resident";1;"none";"yes";0;"female"
"No checking account";30;"critical account/other credits existing (not at this bank)";"radio/television";5771;"... <  51 euro";"4  <= ... < 7 years";4;"female : divorced/separated/married";"none";2;"(if not optin 1 or 2) car or other, not in attribute";25;"none";"own";2;"skilled employee / official";1;"none";"yes";0;"female"
"... <  0 euro";24;"existing credits paid back duly till now";"car (new)";1285;"unknown/ no savings account";"4  <= ... < 7 years";4;"female : divorced/separated/married";"none";4;"unknown / no property";32;"none";"rent";1;"skilled employee / official";1;"none";"yes";1;"female"
"No checking account";15;"critical account/other credits existing (not at this bank)";"car (new)";5045;"unknown/ no savings account";".. >= 7 years";1;"female : divorced/separated/married";"none";4;"(if not optin 1 or 2) car or other, not in attribute";59;"none";"own";1;"skilled employee / official";1;"yes, registered under the customers name";"yes";0;"female"
"... <  0 euro";18;"critical account/other credits existing (not at this bank)";"furniture/equipment";2124;"... <  51 euro";"1  <= ... < 4 years";4;"female : divorced/separated/married";"none";4;"real estate";24;"none";"rent";2;"skilled employee / official";1;"none";"yes";1;"female"
"No checking account";10;"existing credits paid back duly till now";"car (used)";2901;"unknown/ no savings account";"... < 1 year";1;"female : divorced/separated/married";"none";4;"real estate";31;"none";"rent";1;"skilled employee / official";1;"none";"yes";0;"female"
"... <  0 euro";24;"existing credits paid back duly till now";"car (used)";2812;"unknown/ no savings account";".. >= 7 years";2;"female : divorced/separated/married";"none";4;"real estate";26;"none";"rent";1;"skilled employee / official";1;"none";"yes";0;"female"
"... <  0 euro";36;"critical account/other credits existing (not at this bank)";"education";8065;"... <  51 euro";"1  <= ... < 4 years";3;"female : divorced/separated/married";"none";2;"unknown / no property";25;"none";"own";2;"management/ self-employed/highly qualified employee/ officer";1;"yes, registered under the customers name";"yes";1;"female"
"... <  0 euro";24;"existing credits paid back duly till now";"car (new)";1371;"unknown/ no savings account";"1  <= ... < 4 years";4;"female : divorced/separated/married";"none";4;"real estate";25;"none";"rent";1;"skilled employee / official";1;"none";"yes";1;"female"
"... <  0 euro";18;"existing credits paid back duly till now";"radio/television";3509;"... <  51 euro";"4  <= ... < 7 years";4;"female : divorced/separated/married";"guarantor";1;"real estate";25;"none";"own";1;"skilled employee / official";1;"none";"yes";0;"female"
"0 <= ... <  102 euro";18;"existing credits paid back duly till now";"repairs";3872;"... <  51 euro";"unemployed";2;"female : divorced/separated/married";"none";4;"(if not optin 1 or 2) car or other, not in attribute";67;"none";"own";1;"skilled employee / official";1;"yes, registered under the customers name";"yes";0;"female"
"0 <= ... <  102 euro";12;"existing credits paid back duly till now";"car (new)";836;"51 <= ... <  255 euro";"... < 1 year";4;"female : divorced/separated/married";"none";2;"(if not real estate) building society savings agreement/ life insurance";23;"bank";"own";1;"unskilled - resident";1;"none";"yes";1;"female"
"0 <= ... <  102 euro";21;"existing credits paid back duly till now";"business";1188;"... <  51 euro";".. >= 7 years";2;"female : divorced/separated/married";"none";4;"(if not real estate) building society savings agreement/ life insurance";39;"none";"own";1;"skilled employee / official";2;"none";"yes";1;"female"
"No checking account";9;"existing credits paid back duly till now";"furniture/equipment";2301;"51 <= ... <  255 euro";"... < 1 year";2;"female : divorced/separated/married";"none";4;"(if not real estate) building society savings agreement/ life insurance";22;"none";"rent";1;"skilled employee / official";1;"none";"yes";0;"female"
"No checking account";12;"critical account/other credits existing (not at this bank)";"furniture/equipment";1258;"... <  51 euro";"... < 1 year";2;"female : divorced/separated/married";"none";4;"(if not real estate) building society savings agreement/ life insurance";22;"none";"rent";2;"unskilled - resident";1;"none";"yes";0;"female"
"0 <= ... <  102 euro";18;"critical account/other credits existing (not at this bank)";"radio/television";1795;"... <  51 euro";".. >= 7 years";3;"female : divorced/separated/married";"guarantor";4;"real estate";48;"bank";"rent";2;"unskilled - resident";1;"yes, registered under the customers name";"yes";0;"female"
"... <  0 euro";20;"critical account/other credits existing (not at this bank)";"furniture/equipment";4272;"... <  51 euro";".. >= 7 years";1;"female : divorced/separated/married";"none";4;"(if not real estate) building society savings agreement/ life insurance";24;"none";"own";2;"skilled employee / official";1;"none";"yes";0;"female"
"0 <= ... <  102 euro";12;"existing credits paid back duly till now";"car (new)";7472;"unknown/ no savings account";"unemployed";1;"female : divorced/separated/married";"none";2;"real estate";24;"none";"rent";1;"unemployed/ unskilled  - non-resident";1;"none";"yes";0;"female"
"0 <= ... <  102 euro";15;"no credits taken/ all credits paid back duly";"car (new)";1778;"... <  51 euro";"... < 1 year";2;"female : divorced/separated/married";"none";1;"real estate";26;"none";"rent";2;"unemployed/ unskilled  - non-resident";1;"none";"yes";1;"female"
"0 <= ... <  102 euro";36;"delay in paying off in the past";"car (new)";7432;"... <  51 euro";"1  <= ... < 4 years";2;"female : divorced/separated/married";"none";2;"(if not real estate) building society savings agreement/ life insurance";54;"none";"rent";1;"skilled employee / official";1;"none";"yes";0;"female"
"No checking account";6;"critical account/other credits existing (not at this bank)";"radio/television";1554;"... <  51 euro";"4  <= ... < 7 years";1;"female : divorced/separated/married";"none";2;"(if not optin 1 or 2) car or other, not in attribute";24;"none";"rent";2;"skilled employee / official";1;"yes, registered under the customers name";"yes";0;"female"
"... <  0 euro";18;"critical account/other credits existing (not at this bank)";"car (new)";3966;"... <  51 euro";".. >= 7 years";1;"female : divorced/separated/married";"none";4;"real estate";33;"bank";"rent";3;"skilled employee / official";1;"yes, registered under the customers name";"yes";1;"female"
"... <  0 euro";18;"existing credits paid back duly till now";"car (new)";1216;"... <  51 euro";"... < 1 year";4;"female : divorced/separated/married";"none";3;"(if not optin 1 or 2) car or other, not in attribute";23;"none";"rent";1;"skilled employee / official";1;"yes, registered under the customers name";"yes";1;"female"
"0 <= ... <  102 euro";24;"existing credits paid back duly till now";"radio/television";5084;"unknown/ no savings account";".. >= 7 years";2;"female : divorced/separated/married";"none";4;"(if not optin 1 or 2) car or other, not in attribute";42;"none";"own";1;"skilled employee / official";1;"yes, registered under the customers name";"yes";0;"female"
">= 102 euro";15;"existing credits paid back duly till now";"radio/television";2327;"... <  51 euro";"... < 1 year";2;"female : divorced/separated/married";"none";3;"real estate";25;"none";"own";1;"unskilled - resident";1;"none";"yes";1;"female"
"No checking account";12;"existing credits paid back duly till now";"radio/television";886;"unknown/ no savings account";"1  <= ... < 4 years";4;"female : divorced/separated/married";"none";2;"(if not optin 1 or 2) car or other, not in attribute";21;"none";"own";1;"skilled employee / official";1;"none";"yes";0;"female"
"No checking account";4;"existing credits paid back duly till now";"furniture/equipment";601;"... <  51 euro";"... < 1 year";1;"female : divorced/separated/married";"none";3;"real estate";23;"none";"rent";1;"unskilled - resident";2;"none";"yes";0;"female"
"No checking account";18;"existing credits paid back duly till now";"repairs";1943;"... <  51 euro";"... < 1 year";4;"female : divorced/separated/married";"none";4;"real estate";23;"none";"own";1;"skilled employee / official";1;"none";"yes";1;"female"
"No checking account";10;"existing credits paid back duly till now";"retraining";894;"unknown/ no savings account";"4  <= ... < 7 years";4;"female : divorced/separated/married";"none";3;"(if not real estate) building society savings agreement/ life insurance";40;"none";"own";1;"skilled employee / official";1;"yes, registered under the customers name";"yes";0;"female"
"... <  0 euro";15;"existing credits paid back duly till now";"car (new)";3959;"... <  51 euro";"1  <= ... < 4 years";3;"female : divorced/separated/married";"none";2;"(if not real estate) building society savings agreement/ life insurance";29;"none";"own";1;"skilled employee / official";1;"yes, registered under the customers name";"yes";1;"female"
"... <  0 euro";24;"existing credits paid back duly till now";"radio/television";2439;"... <  51 euro";"... < 1 year";4;"female : divorced/separated/married";"none";4;"real estate";35;"none";"own";1;"skilled employee / official";1;"yes, registered under the customers name";"yes";1;"female"
"No checking account";15;"existing credits paid back duly till now";"furniture/equipment";2221;"255 euro <= ... < 511 euro";"1  <= ... < 4 years";2;"female : divorced/separated/married";"none";4;"(if not optin 1 or 2) car or other, not in attribute";20;"none";"rent";1;"skilled employee / official";1;"none";"yes";0;"female"
"... <  0 euro";18;"existing credits paid back duly till now";"radio/television";2389;"... <  51 euro";"... < 1 year";4;"female : divorced/separated/married";"none";1;"(if not optin 1 or 2) car or other, not in attribute";27;"stores";"own";1;"skilled employee / official";1;"none";"yes";0;"female"
"... <  0 euro";12;"existing credits paid back duly till now";"furniture/equipment";652;"... <  51 euro";".. >= 7 years";4;"female : divorced/separated/married";"none";4;"(if not real estate) building society savings agreement/ life insurance";24;"none";"rent";1;"skilled employee / official";1;"none";"yes";0;"female"
"No checking account";36;"delay in paying off in the past";"furniture/equipment";7678;"255 euro <= ... < 511 euro";"4  <= ... < 7 years";2;"female : divorced/separated/married";"none";4;"(if not optin 1 or 2) car or other, not in attribute";40;"none";"own";2;"skilled employee / official";1;"yes, registered under the customers name";"yes";0;"female"
"No checking account";15;"existing credits paid back duly till now";"domestic appliances";874;"unknown/ no savings account";"... < 1 year";4;"female : divorced/separated/married";"none";1;"real estate";24;"none";"own";1;"skilled employee / official";1;"none";"yes";0;"female"
"0 <= ... <  102 euro";11;"critical account/other credits existing (not at this bank)";"car (new)";1322;".. >= 511 euro";"1  <= ... < 4 years";4;"female : divorced/separated/married";"none";4;"(if not optin 1 or 2) car or other, not in attribute";40;"none";"own";2;"skilled employee / official";1;"none";"yes";0;"female"
"No checking account";18;"critical account/other credits existing (not at this bank)";"radio/television";1098;"... <  51 euro";"unemployed";4;"female : divorced/separated/married";"none";4;"(if not optin 1 or 2) car or other, not in attribute";65;"none";"own";2;"unemployed/ unskilled  - non-resident";1;"none";"yes";0;"female"
"... <  0 euro";12;"existing credits paid back duly till now";"education";795;"... <  51 euro";"... < 1 year";4;"female : divorced/separated/married";"none";4;"(if not real estate) building society savings agreement/ life insurance";53;"none";"own";1;"skilled employee / official";1;"none";"yes";1;"female"
"... <  0 euro";21;"existing credits paid back duly till now";"radio/television";2606;"... <  51 euro";"... < 1 year";4;"female : divorced/separated/married";"none";4;"(if not real estate) building society savings agreement/ life insurance";28;"none";"rent";1;"management/ self-employed/highly qualified employee/ officer";1;"yes, registered under the customers name";"yes";0;"female"
"No checking account";12;"critical account/other credits existing (not at this bank)";"furniture/equipment";1592;".. >= 511 euro";"4  <= ... < 7 years";3;"female : divorced/separated/married";"none";2;"(if not real estate) building society savings agreement/ life insurance";35;"none";"own";1;"skilled employee / official";1;"none";"no";0;"female"
"No checking account";15;"existing credits paid back duly till now";"furniture/equipment";2186;"unknown/ no savings account";"4  <= ... < 7 years";1;"female : divorced/separated/married";"none";4;"real estate";33;"bank";"rent";1;"unskilled - resident";1;"none";"yes";0;"female"
"No checking account";15;"delay in paying off in the past";"car (used)";3594;"... <  51 euro";"... < 1 year";1;"female : divorced/separated/married";"none";2;"(if not real estate) building society savings agreement/ life insurance";46;"none";"own";2;"unskilled - resident";1;"none";"yes";0;"female"
"0 <= ... <  102 euro";9;"existing credits paid back duly till now";"car (new)";3195;"unknown/ no savings account";"1  <= ... < 4 years";1;"female : divorced/separated/married";"none";2;"real estate";33;"none";"own";1;"unskilled - resident";1;"none";"yes";0;"female"
"No checking account";36;"delay in paying off in the past";"radio/television";4454;"... <  51 euro";"1  <= ... < 4 years";4;"female : divorced/separated/married";"none";4;"real estate";34;"none";"own";2;"skilled employee / official";1;"none";"yes";0;"female"
"0 <= ... <  102 euro";24;"critical account/other credits existing (not at this bank)";"furniture/equipment";4736;"... <  51 euro";"... < 1 year";2;"female : divorced/separated/married";"none";4;"(if not optin 1 or 2) car or other, not in attribute";25;"bank";"own";1;"unskilled - resident";1;"none";"yes";1;"female"
"0 <= ... <  102 euro";30;"existing credits paid back duly till now";"radio/television";2991;"unknown/ no savings account";".. >= 7 years";2;"female : divorced/separated/married";"none";4;"(if not optin 1 or 2) car or other, not in attribute";25;"none";"own";1;"skilled employee / official";1;"none";"yes";0;"female"
"0 <= ... <  102 euro";48;"no credits taken/ all credits paid back duly";"others";18424;"... <  51 euro";"1  <= ... < 4 years";1;"female : divorced/separated/married";"none";2;"(if not real estate) building society savings agreement/ life insurance";32;"bank";"own";1;"management/ self-employed/highly qualified employee/ officer";1;"yes, registered under the customers name";"no";1;"female"
"No checking account";18;"critical account/other credits existing (not at this bank)";"furniture/equipment";1817;"... <  51 euro";"1  <= ... < 4 years";4;"female : divorced/separated/married";"none";2;"unknown / no property";28;"none";"own";2;"skilled employee / official";1;"none";"yes";0;"female"
"... <  0 euro";9;"existing credits paid back duly till now";"radio/television";1366;"... <  51 euro";"... < 1 year";3;"female : divorced/separated/married";"none";4;"(if not real estate) building society savings agreement/ life insurance";22;"none";"rent";1;"skilled employee / official";1;"none";"yes";1;"female"
"... <  0 euro";18;"critical account/other credits existing (not at this bank)";"furniture/equipment";1049;"... <  51 euro";"... < 1 year";4;"female : divorced/separated/married";"none";4;"(if not real estate) building society savings agreement/ life insurance";21;"none";"rent";1;"skilled employee / official";1;"none";"yes";0;"female"
"0 <= ... <  102 euro";9;"existing credits paid back duly till now";"radio/television";1670;"... <  51 euro";"... < 1 year";4;"female : divorced/separated/married";"none";2;"(if not optin 1 or 2) car or other, not in attribute";22;"none";"own";1;"skilled employee / official";1;"yes, registered under the customers name";"yes";1;"female"
"... <  0 euro";12;"existing credits paid back duly till now";"radio/television";1498;"... <  51 euro";"1  <= ... < 4 years";4;"female : divorced/separated/married";"none";1;"(if not optin 1 or 2) car or other, not in attribute";23;"bank";"own";1;"skilled employee / official";1;"none";"yes";0;"female"
">= 102 euro";9;"existing credits paid back duly till now";"radio/television";745;"... <  51 euro";"1  <= ... < 4 years";3;"female : divorced/separated/married";"none";2;"real estate";28;"none";"own";1;"unskilled - resident";1;"none";"yes";1;"female"
"... <  0 euro";15;"existing credits paid back duly till now";"furniture/equipment";1845;"... <  51 euro";"... < 1 year";4;"female : divorced/separated/married";"guarantor";1;"(if not real estate) building society savings agreement/ life insurance";46;"none";"rent";1;"skilled employee / official";1;"none";"yes";0;"female"
"0 <= ... <  102 euro";48;"no credits taken/ all credits paid back duly";"car (new)";8358;"255 euro <= ... < 511 euro";"... < 1 year";1;"female : divorced/separated/married";"none";1;"(if not optin 1 or 2) car or other, not in attribute";30;"none";"own";2;"skilled employee / official";1;"none";"yes";0;"female"
"0 <= ... <  102 euro";24;"existing credits paid back duly till now";"car (used)";4113;"255 euro <= ... < 511 euro";"... < 1 year";3;"female : divorced/separated/married";"none";4;"(if not optin 1 or 2) car or other, not in attribute";28;"none";"rent";1;"skilled employee / official";1;"none";"yes";1;"female"
"No checking account";36;"existing credits paid back duly till now";"furniture/equipment";10974;"... <  51 euro";"unemployed";4;"female : divorced/separated/married";"none";2;"(if not optin 1 or 2) car or other, not in attribute";26;"none";"own";2;"management/ self-employed/highly qualified employee/ officer";1;"yes, registered under the customers name";"yes";1;"female"
"... <  0 euro";12;"existing credits paid back duly till now";"car (new)";1893;"... <  51 euro";"1  <= ... < 4 years";4;"female : divorced/separated/married";"guarantor";4;"(if not real estate) building society savings agreement/ life insurance";29;"none";"own";1;"skilled employee / official";1;"yes, registered under the customers name";"yes";0;"female"
"... <  0 euro";24;"critical account/other credits existing (not at this bank)";"radio/television";1231;".. >= 511 euro";".. >= 7 years";4;"female : divorced/separated/married";"none";4;"(if not real estate) building society savings agreement/ life insurance";57;"none";"rent";2;"management/ self-employed/highly qualified employee/ officer";1;"yes, registered under the customers name";"yes";0;"female"
"0 <= ... <  102 euro";30;"existing credits paid back duly till now";"radio/television";1715;"unknown/ no savings account";"1  <= ... < 4 years";4;"female : divorced/separated/married";"none";1;"(if not optin 1 or 2) car or other, not in attribute";26;"none";"own";1;"skilled employee / official";1;"none";"yes";0;"female"
"No checking account";15;"existing credits paid back duly till now";"radio/television";3568;"... <  51 euro";".. >= 7 years";4;"female : divorced/separated/married";"none";2;"(if not optin 1 or 2) car or other, not in attribute";54;"bank";"rent";1;"management/ self-employed/highly qualified employee/ officer";1;"yes, registered under the customers name";"yes";0;"female"
"... <  0 euro";24;"all credits at this bank paid back duly";"car (new)";1193;"... <  51 euro";"unemployed";1;"female : divorced/separated/married";"co-applicant";4;"unknown / no property";29;"none";"rent";2;"unemployed/ unskilled  - non-resident";1;"none";"yes";1;"female"
"No checking account";30;"critical account/other credits existing (not at this bank)";"radio/television";2831;"... <  51 euro";"1  <= ... < 4 years";4;"female : divorced/separated/married";"none";2;"(if not optin 1 or 2) car or other, not in attribute";33;"none";"own";1;"skilled employee / official";1;"yes, registered under the customers name";"yes";0;"female"
">= 102 euro";24;"existing credits paid back duly till now";"radio/television";1258;"255 euro <= ... < 511 euro";"1  <= ... < 4 years";3;"female : divorced/separated/married";"none";3;"(if not optin 1 or 2) car or other, not in attribute";57;"none";"own";1;"unskilled - resident";1;"none";"yes";0;"female"
"0 <= ... <  102 euro";6;"existing credits paid back duly till now";"radio/television";753;"... <  51 euro";"1  <= ... < 4 years";2;"female : divorced/separated/married";"guarantor";3;"real estate";64;"none";"own";1;"skilled employee / official";1;"none";"yes";0;"female"
">= 102 euro";21;"existing credits paid back duly till now";"car (new)";2923;"51 <= ... <  255 euro";"1  <= ... < 4 years";1;"female : divorced/separated/married";"none";1;"(if not optin 1 or 2) car or other, not in attribute";28;"bank";"own";1;"management/ self-employed/highly qualified employee/ officer";1;"yes, registered under the customers name";"yes";0;"female"
"... <  0 euro";15;"critical account/other credits existing (not at this bank)";"furniture/equipment";1433;"... <  51 euro";"1  <= ... < 4 years";4;"female : divorced/separated/married";"none";3;"(if not real estate) building society savings agreement/ life insurance";25;"none";"rent";2;"skilled employee / official";1;"none";"yes";0;"female"
"No checking account";13;"existing credits paid back duly till now";"radio/television";1409;"51 <= ... <  255 euro";"unemployed";2;"female : divorced/separated/married";"none";4;"real estate";64;"none";"own";1;"skilled employee / official";1;"none";"yes";0;"female"
"No checking account";12;"existing credits paid back duly till now";"furniture/equipment";1736;"... <  51 euro";"4  <= ... < 7 years";3;"female : divorced/separated/married";"none";4;"real estate";31;"none";"own";1;"unskilled - resident";1;"none";"yes";0;"female"
